<?xml version="1.0"?>
<document xmlns="http://maven.apache.org/XDOC/2.0" xmlns:xsi="http://www.w3.org/2001/XMLSchema-instance"
  xsi:schemaLocation="http://maven.apache.org/XDOC/2.0 http://maven.apache.org/xsd/xdoc-2.0.xsd">
  <properties>
    <title>Welcome</title>
    <author email="dev@maven.apache.org">The Maven Team</author>
  </properties>

  <body>
    <section name="Welcome to an XDOC file!">
      <p>
        This is some text for the xdoc file.
      </p>
    </section>
  </body>
</document>

